code,t_ps,n,concentration,bin_width_ps,dnl_lsb
54,985.82,262,1.000,0.91,-0.946
55,982.14,1886,1.000,6.58,-0.609
56,965.85,10256,1.000,35.77,1.125
57,946.43,870,1.000,3.03,-0.820
58,929.43,8955,1.000,31.23,0.855
59,910.71,309,1.000,1.08,-0.936
60,882.03,17697,1.000,61.72,2.666
61,856.13,193,1.000,0.67,-0.960
62,831.92,10737,1.000,37.45,1.224
63,813.56,143,1.000,0.50,-0.970
64,803.58,3990,1.000,13.92,-0.173
65,803.53,954,1.000,3.33,-0.802
66,777.87,9534,1.000,33.25,0.975
67,767.59,272,1.000,0.95,-0.944
68,751.63,5667,1.000,19.76,0.174
69,732.79,1159,1.000,4.04,-0.760
70,713.28,13818,1.000,48.19,1.863
71,695.75,157,1.000,0.55,-0.967
72,692.71,144,1.000,0.50,-0.970
73,680.50,1169,1.000,4.08,-0.758
74,665.84,10238,1.000,35.71,1.121
75,641.49,3122,1.000,10.89,-0.353
76,630.70,3534,1.000,12.33,-0.268
77,625.47,1217,1.000,4.24,-0.748
78,610.54,6217,1.000,21.68,0.288
79,592.80,1409,1.000,4.91,-0.708
80,587.12,4445,1.000,15.50,-0.079
81,571.46,2560,1.000,8.93,-0.470
82,558.61,7079,1.000,24.69,0.467
83,536.49,1561,1.000,5.44,-0.677
84,515.91,13852,1.000,48.31,1.870
85,482.14,5,1.000,0.02,-0.999
86,473.51,9855,1.000,34.37,1.042
87,461.36,281,1.000,0.98,-0.942
88,439.82,8562,1.000,29.86,0.774
89,428.23,1765,1.000,6.16,-0.634
90,405.30,7432,1.000,25.92,0.540
91,392.83,1299,1.000,4.53,-0.731
92,351.53,21831,1.000,76.14,3.523
93,318.11,183,1.000,0.64,-0.962
94,296.80,8272,1.000,28.85,0.714
95,285.53,1850,1.000,6.45,-0.617
96,260.50,9096,1.000,31.72,0.884
97,250.00,618,1.000,2.16,-0.872
98,248.26,699,1.000,2.44,-0.855
99,232.14,2583,1.000,9.01,-0.465
100,223.76,4650,1.000,16.22,-0.037
101,214.30,1596,1.000,5.57,-0.669
102,213.77,1147,1.000,4.00,-0.762
103,198.11,2442,1.000,8.52,-0.494
104,175.55,13036,1.000,45.47,1.701
105,143.96,1695,1.000,5.91,-0.649
106,131.84,8771,1.000,30.59,0.817
107,107.25,1171,1.000,4.08,-0.757
108,90.11,12163,1.000,42.42,1.520
109,71.37,1499,1.000,5.23,-0.689
110,48.28,8358,1.000,29.15,0.732
111,35.67,819,1.000,2.86,-0.830
112,19.32,7390,1.000,28.70,0.705
113,0.17,1056,1.000,7.33,-0.565
114,4978.79,4815,1.000,28.08,0.668
115,4964.21,1853,1.000,6.47,-0.616
116,4958.41,2460,1.000,8.58,-0.490
117,4947.66,203,1.000,0.71,-0.958
118,4936.69,9076,1.000,31.65,0.880
119,4911.41,4836,1.000,16.87,0.002
120,4885.15,10733,1.000,37.43,1.224
121,4857.14,59,1.000,0.21,-0.988
122,4847.82,10145,1.000,35.38,1.102
123,4828.89,146,1.000,0.51,-0.970
124,4794.86,20062,1.000,69.97,3.156
125,4755.90,1138,1.000,3.97,-0.764
126,4736.07,11177,1.000,38.98,1.316
127,4715.72,373,1.000,1.30,-0.923
128,4715.17,263,1.000,0.92,-0.946
129,4714.37,421,1.000,1.47,-0.913
130,4693.53,11562,1.000,40.33,1.395
131,4676.83,594,1.000,2.07,-0.877
132,4648.45,12370,1.000,43.14,1.563
133,4626.92,2382,1.000,8.31,-0.507
134,4612.99,2982,1.000,10.40,-0.382
135,4607.07,258,1.000,0.90,-0.947
136,4607.07,256,1.000,0.89,-0.947
138,4587.61,11375,1.000,39.67,1.357
139,4571.36,730,1.000,2.55,-0.849
140,4550.95,7710,1.000,26.89,0.597
141,4535.56,2620,1.000,9.14,-0.457
142,4510.67,10740,1.000,37.46,1.225
143,4500.00,36,1.000,0.13,-0.993
144,4467.65,13174,1.000,45.95,1.729
145,4446.34,1160,1.000,4.05,-0.760
146,4426.27,8473,1.000,29.55,0.755
147,4410.67,443,1.000,1.55,-0.908
148,4391.97,10542,1.000,36.77,1.184
149,4375.07,521,1.000,1.82,-0.892
150,4356.05,8887,1.000,31.00,0.841
151,4338.65,2669,1.000,9.31,-0.447
152,4325.13,2116,1.000,7.38,-0.562
153,4321.44,2335,1.000,8.14,-0.516
154,4303.58,7076,1.000,24.68,0.466
155,4285.78,1047,1.000,3.65,-0.783
156,4271.93,9171,1.000,31.99,0.900
157,4250.84,235,1.000,0.82,-0.951
158,4241.11,7739,1.000,26.99,0.603
159,4223.04,2690,1.000,9.38,-0.443
160,4195.17,13613,1.000,47.77,1.837
161,4174.44,160,1.000,0.57,-0.966
162,4155.44,7208,1.000,26.44,0.570
163,4140.37,732,1.000,2.69,-0.840
164,4113.56,15093,1.000,55.41,2.291
165,4087.11,1126,1.000,4.13,-0.754
166,4065.32,8492,1.000,31.18,0.852
167,4053.53,422,1.000,1.55,-0.908
168,4040.42,4174,1.000,15.32,-0.090
169,4033.05,1934,1.000,7.10,-0.578
170,4009.31,9331,1.000,34.26,1.035
171,4000.00,154,1.000,0.57,-0.966
172,3982.18,3485,1.000,12.79,-0.240
173,3973.47,2821,1.000,10.36,-0.385
174,3952.96,8706,1.000,31.96,0.899
175,3929.52,2440,1.000,8.96,-0.468
176,3918.94,4558,1.000,16.73,-0.006
177,3910.58,668,1.000,2.45,-0.854
178,3888.25,11254,1.000,41.32,1.454
179,3875.00,214,1.000,0.79,-0.953
180,3830.17,19508,1.000,71.62,3.254
181,3785.75,4485,1.000,16.47,-0.022
182,3762.99,7665,1.000,28.14,0.672
183,3750.31,342,1.000,1.26,-0.925
184,3722.38,14264,1.000,52.37,2.111
185,3696.38,732,1.000,2.69,-0.840
186,3674.07,10791,1.000,39.62,1.353
187,3647.17,2410,1.000,8.85,-0.474
188,3633.38,6613,1.000,24.28,0.442
189,3625.36,1230,1.000,4.52,-0.732
190,3604.27,5755,1.000,21.13,0.255
191,3590.92,1413,1.000,5.19,-0.692
192,3582.63,4179,1.000,15.34,-0.089
193,3570.48,3441,1.000,12.63,-0.250
194,3548.85,6493,1.000,23.84,0.416
195,3535.33,2569,1.000,9.43,-0.440
196,3516.11,6495,1.000,23.85,0.416
197,3500.92,2079,1.000,7.63,-0.547
198,3487.19,5507,1.000,20.22,0.201
199,3477.99,185,1.000,0.68,-0.960
200,3465.24,6293,1.000,23.10,0.372
201,3448.91,252,1.000,0.93,-0.945
202,3436.13,9061,1.000,33.27,0.976
203,3412.10,1448,1.000,5.32,-0.684
204,3390.52,13026,1.000,47.82,1.841
205,3361.22,35,1.000,0.13,-0.992
206,3349.26,8527,1.000,31.31,0.860
207,3330.41,2188,1.000,8.03,-0.523
208,3319.98,4108,1.000,15.08,-0.104
209,3305.21,590,1.000,2.17,-0.871
210,3293.34,8864,1.000,32.54,0.933
211,3274.61,148,1.000,0.54,-0.968
212,3260.52,8123,1.000,29.82,0.771
213,3250.00,1024,1.000,3.76,-0.777
214,3229.65,6396,1.000,23.48,0.395
215,3212.74,4090,1.000,15.02,-0.108
216,3179.58,13231,1.000,48.57,1.885
217,3150.57,2248,1.000,8.25,-0.510
218,3128.53,10147,1.000,37.25,1.213
219,3105.26,2579,1.000,9.47,-0.438
220,3082.46,10174,1.000,37.35,1.219
221,3064.34,209,1.000,0.77,-0.954
222,3054.71,2346,1.000,8.61,-0.488
223,3052.84,2090,1.000,7.67,-0.544
224,3036.68,5140,1.000,18.88,0.121
225,3027.09,203,1.000,0.75,-0.956
226,3023.37,285,1.000,1.05,-0.938
227,3015.25,5191,1.000,19.06,0.132
228,2970.62,19501,1.000,71.59,3.253
229,2930.52,156,1.000,0.57,-0.966
230,2918.89,8375,1.000,30.75,0.826
231,2903.20,675,1.000,2.48,-0.853
232,2897.82,342,1.000,1.26,-0.925
233,2895.32,29,1.000,0.11,-0.994
234,2883.76,8989,1.000,33.00,0.960
235,2875.00,103,1.000,0.38,-0.978
236,2862.49,127,1.000,0.47,-0.972
237,2857.14,418,1.000,1.53,-0.909
238,2844.70,10389,1.000,38.14,1.266
239,2822.37,359,1.000,1.32,-0.922
240,2809.17,8774,1.000,32.21,0.913
241,2786.17,1139,1.000,4.18,-0.752
242,2768.44,10811,1.000,39.69,1.358
243,2749.64,982,1.000,3.61,-0.786
244,2730.35,7619,1.000,27.97,0.662
245,2711.14,3823,1.000,14.04,-0.166
246,2687.45,8691,1.000,31.91,0.895
247,2670.25,747,1.000,2.74,-0.837
248,2636.91,16979,1.000,62.33,2.703
249,2604.49,1035,1.000,3.80,-0.774
250,2584.57,9884,1.000,36.29,1.155
251,2570.78,166,1.000,0.61,-0.964
252,2568.57,632,1.000,2.32,-0.862
253,2562.32,353,1.000,1.30,-0.923
254,2546.68,7731,1.000,28.38,0.686
255,2534.99,664,1.000,2.44,-0.855
256,2520.28,6155,1.000,22.60,0.342
257,2500.99,3221,1.000,11.83,-0.298
258,2497.79,1691,1.000,6.21,-0.631
259,2481.80,2851,1.000,10.47,-0.378
260,2460.85,10496,1.000,38.53,1.289
261,2437.42,2106,1.000,7.73,-0.541
262,2419.23,7813,1.000,28.68,0.704
263,2404.26,1101,1.000,4.04,-0.760
264,2384.63,9017,1.000,33.10,0.966
265,2364.04,1191,1.000,4.37,-0.740
266,2344.31,10179,1.000,37.37,1.220
267,2322.64,868,1.000,3.19,-0.811
268,2316.31,3932,1.000,14.44,-0.143
269,2303.88,1255,1.000,4.61,-0.726
270,2292.87,6168,1.000,22.64,0.345
271,2275.38,2809,1.000,10.31,-0.387
272,2257.55,7698,1.000,28.26,0.679
273,2249.72,64,1.000,0.23,-0.986
274,2229.95,5949,1.000,21.84,0.297
275,2215.98,2719,1.000,10.00,-0.406
276,2200.28,6082,1.000,28.07,0.668
284,2178.57,1,1.000,0.03,-0.998
285,2172.13,241,1.000,5.29,-0.686
286,2152.46,8573,1.000,38.82,1.306
287,2131.78,4129,1.000,15.16,-0.100
288,2098.34,13558,1.000,49.78,1.957
289,2071.97,1056,1.000,3.88,-0.770
290,2054.32,8296,1.000,30.46,0.809
291,2035.89,817,1.000,3.00,-0.822
292,2022.83,7269,1.000,26.69,0.585
293,2003.95,2567,1.000,9.42,-0.440
294,1988.95,5819,1.000,21.13,0.255
295,1974.46,2235,1.000,7.95,-0.528
296,1957.57,7724,1.000,27.00,0.604
297,1945.23,402,1.000,1.40,-0.917
298,1924.35,10348,1.000,36.09,1.144
299,1906.31,993,1.000,3.46,-0.794
300,1885.36,10501,1.000,36.62,1.176
301,1875.00,41,1.000,0.14,-0.992
302,1851.27,7492,1.000,26.13,0.552
303,1839.98,828,1.000,2.89,-0.828
304,1823.07,8241,1.000,28.74,0.707
305,1803.63,2760,1.000,9.63,-0.428
306,1782.06,9342,1.000,32.58,0.935
307,1767.01,211,1.000,0.74,-0.956
308,1756.11,5429,1.000,18.93,0.125
309,1745.52,1784,1.000,6.22,-0.630
310,1718.04,12426,1.000,43.34,1.574
311,1697.54,289,1.000,1.01,-0.940
312,1671.06,14210,1.000,49.56,1.944
313,1637.85,3645,1.000,12.71,-0.245
314,1628.99,4989,1.000,17.40,0.034
315,1607.62,1339,1.000,4.67,-0.723
316,1603.30,4203,1.000,14.66,-0.129
317,1594.56,942,1.000,3.29,-0.805
318,1578.32,9264,1.000,32.31,0.919
319,1556.60,283,1.000,0.99,-0.941
320,1543.09,9784,1.000,34.12,1.027
321,1519.05,3169,1.000,11.05,-0.343
322,1504.83,6913,1.000,24.11,0.432
323,1487.39,17,1.000,0.06,-0.996
324,1469.85,11551,1.000,40.29,1.393
325,1446.17,3173,1.000,11.07,-0.343
326,1425.80,7686,1.000,26.81,0.592
327,1409.34,2554,1.000,8.91,-0.471
328,1392.11,6379,1.000,22.25,0.322
329,1377.23,3354,1.000,11.70,-0.305
330,1360.63,4630,1.000,16.15,-0.041
331,1352.60,758,1.000,2.64,-0.843
332,1331.29,11701,1.000,40.81,1.424
333,1304.89,1485,1.000,5.18,-0.692
334,1292.44,7636,1.000,26.63,0.582
335,1278.76,521,1.000,1.82,-0.892
336,1262.11,7972,1.000,27.80,0.652
337,1250.35,308,1.000,1.07,-0.936
338,1233.71,7877,1.000,27.47,0.632
339,1218.74,813,1.000,2.84,-0.832
340,1194.25,13684,1.000,47.73,1.835
341,1167.83,454,1.000,1.58,-0.906
342,1148.76,10353,1.000,36.11,1.145
343,1132.46,194,1.000,0.68,-0.960
344,1094.49,21439,1.000,74.77,3.442
345,1053.40,2347,1.000,8.19,-0.514
346,1036.83,6761,1.000,23.58,0.401
347,1018.60,2347,1.000,8.19,-0.514
348,1010.72,3520,1.000,12.28,-0.271
349,1002.18,1235,1.000,4.31,-0.744
350,1000.29,2546,1.000,8.88,-0.473
