index,d_coarse,fine_a,fine_b,valid_a,valid_b,usable,interval_ns
1,0,240,220,0,0,0,0.320
2,0,64,46,1,1,1,0.288
3,0,74,56,0,0,0,0.288
4,0,5,242,1,0,0,-3.792
5,0,254,234,0,0,0,0.320
6,0,38,22,0,0,0,0.256
7,0,158,140,0,0,0,0.288
8,0,163,144,0,0,0,0.304
9,0,140,119,0,0,0,0.336
10,0,102,88,0,0,0,0.224
11,0,240,220,0,0,0,0.320
12,0,117,102,0,0,0,0.240
13,0,240,220,0,0,0,0.320
14,0,185,166,0,0,0,0.304
15,0,140,118,0,0,0,0.352
16,0,54,38,0,0,0,0.256
17,0,184,166,0,0,0,0.288
18,0,214,190,0,0,0,0.384
19,0,208,182,0,0,0,0.416
20,0,198,179,0,0,0,0.304
21,0,222,198,0,0,0,0.384
22,0,30,14,1,1,1,0.256
23,0,160,140,0,0,0,0.320
24,0,14,250,1,0,0,-3.776
25,0,236,216,0,0,0,0.320
26,0,140,118,0,0,0,0.352
27,0,169,150,0,0,0,0.304
28,0,2,241,1,0,0,-3.824
29,0,40,26,0,0,0,0.224
30,0,42,27,0,0,0,0.240
31,0,22,4,1,1,1,0.288
32,0,90,74,0,0,0,0.256
33,0,32,16,1,1,1,0.256
34,0,178,156,0,0,0,0.352
35,0,208,182,0,0,0,0.416
36,0,252,234,0,0,0,0.288
37,0,30,12,1,1,1,0.288
38,0,186,167,0,0,0,0.304
39,0,238,219,0,0,0,0.304
40,0,176,155,0,0,0,0.336
41,0,75,56,0,0,0,0.304
42,0,34,20,0,0,0,0.224
43,0,208,182,0,0,0,0.416
44,0,74,56,1,1,1,0.288
45,0,228,210,0,0,0,0.288
46,0,59,42,0,0,0,0.272
47,0,98,83,0,0,0,0.240
48,0,132,114,0,0,0,0.288
49,0,64,46,0,0,0,0.288
50,0,40,22,1,1,1,0.288
51,0,190,172,0,0,0,0.288
52,0,132,114,0,0,0,0.288
53,0,112,98,0,0,0,0.224
54,0,62,44,1,1,1,0.288
55,0,84,66,0,0,0,0.288
56,0,16,254,1,0,0,-3.808
57,0,64,46,0,0,0,0.288
58,0,198,178,0,0,0,0.320
59,0,200,180,0,0,0,0.320
60,0,182,162,0,0,0,0.320
61,0,166,146,0,0,0,0.320
62,0,30,12,1,1,1,0.288
63,0,132,114,0,0,0,0.288
64,0,102,86,0,0,0,0.256
65,0,42,28,0,0,0,0.224
66,0,114,100,0,0,0,0.224
67,0,214,189,0,0,0,0.400
68,0,250,232,0,0,0,0.288
69,0,126,108,0,0,0,0.288
70,0,159,140,0,0,0,0.304
71,0,10,248,1,0,0,-3.808
72,0,66,48,1,1,1,0.288
73,0,104,88,0,0,0,0.256
74,0,44,26,1,1,1,0.288
75,0,46,26,1,1,1,0.320
76,0,205,182,0,0,0,0.368
77,0,238,220,0,0,0,0.288
78,0,230,210,0,0,0,0.320
79,0,124,106,0,0,0,0.288
80,0,252,234,0,0,0,0.288
81,0,40,20,1,1,1,0.320
82,0,130,113,0,0,0,0.272
83,0,36,20,0,0,0,0.256
84,0,142,124,0,0,0,0.288
85,0,190,172,0,0,0,0.288
86,0,34,16,1,1,1,0.288
87,0,14,252,1,0,0,-3.808
88,0,105,90,0,0,0,0.240
89,0,73,56,0,0,0,0.272
90,0,48,30,1,1,1,0.288
91,0,70,54,0,0,0,0.256
92,0,196,176,0,0,0,0.320
93,0,126,108,0,0,0,0.288
94,0,140,120,0,0,0,0.320
95,0,52,35,0,0,0,0.272
96,0,62,44,1,1,1,0.288
97,0,106,92,0,0,0,0.224
98,0,6,245,1,0,0,-3.824
99,0,244,226,0,0,0,0.288
100,0,146,129,0,0,0,0.272
101,0,129,112,0,0,0,0.272
102,0,40,25,0,0,0,0.240
103,0,44,26,1,1,1,0.288
104,0,30,12,1,1,1,0.288
105,0,140,122,0,0,0,0.288
106,0,44,28,0,0,0,0.256
107,0,22,2,1,1,1,0.320
108,0,114,100,0,0,0,0.224
109,0,140,122,0,0,0,0.288
110,0,193,174,0,0,0,0.304
111,0,223,198,0,0,0,0.400
112,0,132,114,0,0,0,0.288
113,0,86,70,0,0,0,0.256
114,0,76,58,0,0,0,0.288
115,0,214,188,0,0,0,0.416
116,0,142,124,0,0,0,0.288
117,0,42,24,1,1,1,0.288
118,0,62,44,0,0,0,0.288
119,0,94,78,0,0,0,0.256
120,0,243,222,0,0,0,0.336
121,0,30,11,1,1,1,0.304
122,0,102,88,0,0,0,0.224
123,0,82,64,0,0,0,0.288
124,0,208,182,0,0,0,0.416
125,0,248,230,0,0,0,0.288
126,0,24,4,1,1,1,0.320
127,0,196,176,0,0,0,0.320
128,0,78,62,0,0,0,0.256
129,0,154,138,0,0,0,0.256
130,0,64,46,1,1,1,0.288
131,0,40,26,0,0,0,0.224
132,0,254,236,0,0,0,0.288
133,0,140,122,0,0,0,0.288
134,0,184,166,0,0,0,0.288
135,0,74,56,1,1,1,0.288
136,0,86,70,0,0,0,0.256
137,0,66,48,1,1,1,0.288
138,0,154,138,0,0,0,0.256
139,0,212,187,0,0,0,0.400
140,0,166,146,0,0,0,0.320
141,0,225,200,0,0,0,0.400
142,0,140,118,0,0,0,0.352
143,0,41,22,1,1,1,0.304
144,0,32,18,0,0,0,0.224
145,0,40,21,1,1,1,0.304
146,0,52,36,0,0,0,0.256
147,0,48,30,1,1,1,0.288
148,0,30,14,1,1,1,0.256
149,0,98,82,0,0,0,0.256
150,0,72,54,1,1,1,0.288
151,0,226,208,0,0,0,0.288
152,0,106,90,0,0,0,0.256
153,0,74,54,1,1,1,0.320
154,0,106,90,0,0,0,0.256
155,0,230,212,0,0,0,0.288
156,0,102,87,0,0,0,0.240
157,0,180,159,0,0,0,0.336
158,0,132,115,0,0,0,0.272
159,0,242,220,0,0,0,0.352
160,0,118,104,0,0,0,0.224
161,0,130,113,0,0,0,0.272
162,0,198,180,0,0,0,0.288
163,0,104,88,0,0,0,0.256
164,0,189,172,0,0,0,0.272
165,0,74,56,1,1,1,0.288
166,0,52,36,0,0,0,0.256
167,0,158,140,0,0,0,0.288
168,0,152,132,0,0,0,0.320
169,0,222,198,0,0,0,0.384
170,0,105,90,0,0,0,0.240
171,0,70,52,1,1,1,0.288
172,0,34,16,1,1,1,0.288
173,0,166,146,0,0,0,0.320
174,0,14,250,1,0,0,-3.776
175,0,68,50,1,1,1,0.288
176,0,168,148,0,0,0,0.320
177,0,224,199,0,0,0,0.400
178,0,110,94,0,0,0,0.256
179,0,13,250,1,0,0,-3.792
180,0,146,128,0,0,0,0.288
181,0,168,148,0,0,0,0.320
182,0,2,240,1,0,0,-3.808
183,0,180,158,0,0,0,0.352
184,0,54,36,1,1,1,0.288
185,0,8,246,1,0,0,-3.808
186,0,15,252,1,0,0,-3.792
187,0,92,76,0,0,0,0.256
188,0,152,132,0,0,0,0.320
189,0,105,90,0,0,0,0.240
190,0,153,135,0,0,0,0.288
191,0,217,192,0,0,0,0.400
192,0,220,194,0,0,0,0.416
193,0,142,124,0,0,0,0.288
194,0,62,44,0,0,0,0.288
195,0,26,8,1,1,1,0.288
196,0,36,20,0,0,0,0.256
197,0,226,208,0,0,0,0.288
198,0,142,124,0,0,0,0.288
199,0,74,56,1,1,1,0.288
200,0,210,185,0,0,0,0.400
201,0,62,44,1,1,1,0.288
202,0,140,122,0,0,0,0.288
203,0,42,24,1,1,1,0.288
204,0,158,138,0,0,0,0.320
205,0,34,20,0,0,0,0.224
206,0,166,146,0,0,0,0.320
207,0,66,48,0,0,0,0.288
208,0,228,209,0,0,0,0.304
209,0,48,30,1,1,1,0.288
210,0,74,56,0,0,0,0.288
211,0,38,22,0,0,0,0.256
212,0,142,124,0,0,0,0.288
213,0,102,88,0,0,0,0.224
214,0,226,208,0,0,0,0.288
215,0,92,76,0,0,0,0.256
216,0,58,42,1,1,1,0.256
217,0,112,98,0,0,0,0.224
218,0,200,180,0,0,0,0.320
219,0,48,30,1,1,1,0.288
220,0,240,220,0,0,0,0.320
221,0,64,46,1,1,1,0.288
222,0,226,205,0,0,0,0.336
223,0,244,222,0,0,0,0.352
224,0,0,238,1,0,0,-3.808
225,0,56,38,1,1,1,0.288
226,0,154,138,0,0,0,0.256
227,0,26,8,1,1,1,0.288
228,0,36,20,0,0,0,0.256
229,0,189,170,0,0,0,0.304
230,0,72,54,1,1,1,0.288
231,0,68,50,1,1,1,0.288
232,0,69,50,1,1,1,0.304
233,0,32,14,1,1,1,0.288
234,0,32,14,1,1,1,0.288
235,0,34,16,1,1,1,0.288
236,0,146,126,0,0,0,0.320
237,0,54,37,1,1,1,0.272
238,0,96,81,0,0,0,0.240
239,0,40,26,0,0,0,0.224
240,0,214,189,0,0,0,0.400
241,0,106,91,0,0,0,0.240
242,0,233,214,0,0,0,0.304
243,0,42,28,0,0,0,0.224
244,0,64,46,1,1,1,0.288
245,0,24,5,1,1,1,0.304
246,0,194,174,0,0,0,0.320
247,0,40,20,1,1,1,0.320
248,0,158,140,0,0,0,0.288
249,0,52,34,0,0,0,0.288
250,0,144,125,0,0,0,0.304
251,0,76,58,0,0,0,0.288
252,0,100,85,0,0,0,0.240
253,0,124,106,0,0,0,0.288
254,0,251,233,0,0,0,0.288
255,0,14,252,1,0,0,-3.808
256,0,76,57,0,0,0,0.304
257,0,124,105,0,0,0,0.304
258,0,200,180,0,0,0,0.320
259,0,54,38,0,0,0,0.256
260,0,152,132,0,0,0,0.320
261,0,52,35,0,0,0,0.272
262,0,48,32,0,0,0,0.256
263,0,54,38,0,0,0,0.256
264,0,174,154,0,0,0,0.320
265,0,254,236,0,0,0,0.288
266,0,234,214,0,0,0,0.320
267,0,122,104,0,0,0,0.288
268,0,94,78,0,0,0,0.256
269,0,42,26,0,0,0,0.256
270,0,244,226,0,0,0,0.288
271,0,72,54,1,1,1,0.288
272,0,58,42,1,1,1,0.256
273,0,150,132,0,0,0,0.288
274,0,42,24,1,1,1,0.288
275,0,8,246,1,0,0,-3.808
276,0,34,20,0,0,0,0.224
277,0,16,254,1,0,0,-3.808
278,0,18,0,1,1,0,0.288
279,0,140,122,0,0,0,0.288
280,0,112,98,0,0,0,0.224
281,0,66,48,1,1,1,0.288
282,0,14,251,1,0,0,-3.792
283,0,153,135,0,0,0,0.288
284,0,56,39,1,1,1,0.272
285,0,109,94,0,0,0,0.240
286,0,254,236,0,0,0,0.288
287,0,98,82,0,0,0,0.256
288,0,218,192,0,0,0,0.416
289,0,105,90,0,0,0,0.240
290,0,182,160,0,0,0,0.352
291,0,236,218,0,0,0,0.288
292,0,184,164,0,0,0,0.320
293,0,130,112,0,0,0,0.288
294,0,160,140,0,0,0,0.320
295,0,254,236,0,0,0,0.288
296,0,189,170,0,0,0,0.304
297,0,234,216,0,0,0,0.288
298,0,62,44,1,1,1,0.288
299,0,24,4,1,1,1,0.320
300,0,84,66,0,0,0,0.288
301,0,28,10,1,1,1,0.288
